<annotation>
	<folder>images</folder>
	<filename>1.jpg</filename>
	<path>C:\Users\Umer Naeem\Desktop\windows_v1.8.0\windows_v1.8.0\images\1.jpg</path>
	<source>
		<database>Unknown</database>
	</source>
	<size>
		<width>980</width>
		<height>654</height>
		<depth>3</depth>
	</size>
	<segmented>0</segmented>
	<object>
		<name>pothole</name>
		<pose>Unspecified</pose>
		<truncated>0</truncated>
		<difficult>0</difficult>
		<bndbox>
			<xmin>361</xmin>
			<ymin>123</ymin>
			<xmax>776</xmax>
			<ymax>364</ymax>
		</bndbox>
	</object>
</annotation>
