<annotation>
	<folder>images</folder>
	<filename>107.jpg</filename>
	<path>C:\Users\Umer Naeem\Desktop\windows_v1.8.0\windows_v1.8.0\images\107.jpg</path>
	<source>
		<database>Unknown</database>
	</source>
	<size>
		<width>3549</width>
		<height>2070</height>
		<depth>3</depth>
	</size>
	<segmented>0</segmented>
	<object>
		<name>pothole</name>
		<pose>Unspecified</pose>
		<truncated>0</truncated>
		<difficult>0</difficult>
		<bndbox>
			<xmin>705</xmin>
			<ymin>616</ymin>
			<xmax>3055</xmax>
			<ymax>1766</ymax>
		</bndbox>
	</object>
</annotation>
