<annotation>
	<folder>images</folder>
	<filename>113.jpg</filename>
	<path>C:\Users\Umer Naeem\Desktop\windows_v1.8.0\windows_v1.8.0\images\113.jpg</path>
	<source>
		<database>Unknown</database>
	</source>
	<size>
		<width>1920</width>
		<height>1200</height>
		<depth>3</depth>
	</size>
	<segmented>0</segmented>
	<object>
		<name>pothole</name>
		<pose>Unspecified</pose>
		<truncated>0</truncated>
		<difficult>0</difficult>
		<bndbox>
			<xmin>654</xmin>
			<ymin>526</ymin>
			<xmax>1501</xmax>
			<ymax>780</ymax>
		</bndbox>
	</object>
	<object>
		<name>pothole</name>
		<pose>Unspecified</pose>
		<truncated>0</truncated>
		<difficult>0</difficult>
		<bndbox>
			<xmin>485</xmin>
			<ymin>859</ymin>
			<xmax>929</xmax>
			<ymax>1055</ymax>
		</bndbox>
	</object>
</annotation>
