<annotation>
	<folder>images</folder>
	<filename>118.jpg</filename>
	<path>C:\Users\Umer Naeem\Desktop\windows_v1.8.0\windows_v1.8.0\images\118.jpg</path>
	<source>
		<database>Unknown</database>
	</source>
	<size>
		<width>970</width>
		<height>430</height>
		<depth>3</depth>
	</size>
	<segmented>0</segmented>
	<object>
		<name>pothole</name>
		<pose>Unspecified</pose>
		<truncated>0</truncated>
		<difficult>0</difficult>
		<bndbox>
			<xmin>214</xmin>
			<ymin>241</ymin>
			<xmax>510</xmax>
			<ymax>420</ymax>
		</bndbox>
	</object>
	<object>
		<name>pothole</name>
		<pose>Unspecified</pose>
		<truncated>0</truncated>
		<difficult>0</difficult>
		<bndbox>
			<xmin>623</xmin>
			<ymin>222</ymin>
			<xmax>925</xmax>
			<ymax>395</ymax>
		</bndbox>
	</object>
</annotation>
