<annotation>
	<folder>images</folder>
	<filename>12.jpg</filename>
	<path>C:\Users\Umer Naeem\Desktop\windows_v1.8.0\windows_v1.8.0\images\12.jpg</path>
	<source>
		<database>Unknown</database>
	</source>
	<size>
		<width>1200</width>
		<height>848</height>
		<depth>3</depth>
	</size>
	<segmented>0</segmented>
	<object>
		<name>pothole</name>
		<pose>Unspecified</pose>
		<truncated>0</truncated>
		<difficult>0</difficult>
		<bndbox>
			<xmin>283</xmin>
			<ymin>355</ymin>
			<xmax>894</xmax>
			<ymax>520</ymax>
		</bndbox>
	</object>
</annotation>
