<annotation>
	<folder>images</folder>
	<filename>128.jpg</filename>
	<path>C:\Users\Umer Naeem\Desktop\windows_v1.8.0\windows_v1.8.0\images\128.jpg</path>
	<source>
		<database>Unknown</database>
	</source>
	<size>
		<width>1254</width>
		<height>836</height>
		<depth>3</depth>
	</size>
	<segmented>0</segmented>
	<object>
		<name>pothole</name>
		<pose>Unspecified</pose>
		<truncated>0</truncated>
		<difficult>0</difficult>
		<bndbox>
			<xmin>221</xmin>
			<ymin>240</ymin>
			<xmax>1038</xmax>
			<ymax>562</ymax>
		</bndbox>
	</object>
</annotation>
