<annotation>
	<folder>images</folder>
	<filename>138.jpg</filename>
	<path>C:\Users\Umer Naeem\Desktop\windows_v1.8.0\windows_v1.8.0\images\138.jpg</path>
	<source>
		<database>Unknown</database>
	</source>
	<size>
		<width>720</width>
		<height>480</height>
		<depth>3</depth>
	</size>
	<segmented>0</segmented>
	<object>
		<name>pothole</name>
		<pose>Unspecified</pose>
		<truncated>0</truncated>
		<difficult>0</difficult>
		<bndbox>
			<xmin>328</xmin>
			<ymin>159</ymin>
			<xmax>423</xmax>
			<ymax>210</ymax>
		</bndbox>
	</object>
</annotation>
