<annotation>
	<folder>images</folder>
	<filename>140.jpg</filename>
	<path>C:\Users\Umer Naeem\Desktop\windows_v1.8.0\windows_v1.8.0\images\140.jpg</path>
	<source>
		<database>Unknown</database>
	</source>
	<size>
		<width>300</width>
		<height>300</height>
		<depth>3</depth>
	</size>
	<segmented>0</segmented>
	<object>
		<name>pothole</name>
		<pose>Unspecified</pose>
		<truncated>1</truncated>
		<difficult>0</difficult>
		<bndbox>
			<xmin>5</xmin>
			<ymin>132</ymin>
			<xmax>300</xmax>
			<ymax>232</ymax>
		</bndbox>
	</object>
</annotation>
