<annotation>
	<folder>images</folder>
	<filename>141.jpg</filename>
	<path>C:\Users\Umer Naeem\Desktop\windows_v1.8.0\windows_v1.8.0\images\141.jpg</path>
	<source>
		<database>Unknown</database>
	</source>
	<size>
		<width>834</width>
		<height>416</height>
		<depth>3</depth>
	</size>
	<segmented>0</segmented>
	<object>
		<name>pothole</name>
		<pose>Unspecified</pose>
		<truncated>1</truncated>
		<difficult>0</difficult>
		<bndbox>
			<xmin>98</xmin>
			<ymin>47</ymin>
			<xmax>834</xmax>
			<ymax>413</ymax>
		</bndbox>
	</object>
</annotation>
