<annotation>
	<folder>images</folder>
	<filename>15.jpg</filename>
	<path>C:\Users\Umer Naeem\Desktop\windows_v1.8.0\windows_v1.8.0\images\15.jpg</path>
	<source>
		<database>Unknown</database>
	</source>
	<size>
		<width>3200</width>
		<height>1680</height>
		<depth>3</depth>
	</size>
	<segmented>0</segmented>
	<object>
		<name>pothole</name>
		<pose>Unspecified</pose>
		<truncated>0</truncated>
		<difficult>0</difficult>
		<bndbox>
			<xmin>327</xmin>
			<ymin>595</ymin>
			<xmax>2243</xmax>
			<ymax>1478</ymax>
		</bndbox>
	</object>
</annotation>
